0.0,0.24840299859517012,-8.186467622832497,0.04306708962374795,0.02951404363174599,5.55592334904961e-05,-3.160803764936898e-05,-5.301697603353485e-08,1.3281864566057985e-08,1.3916539826933419e-11,-1.931344761547915e-12
0.0,0.25795947610907477,-8.186467622832497,0.04190881396417635,0.02951404363174599,6.15007998385442e-05,-3.160803764936898e-05,-5.8719251274069853e-08,1.3281864566057985e-08,1.535813681352174e-11,-1.931344761547915e-12
0.0,0.24840299859517012,-8.186467622832497,0.039062876673532324,0.02951404363174599,5.55592334904961e-05,-3.160803764936898e-05,-5.301697603353485e-08,1.3281864566057985e-08,1.3916539826933419e-11,-1.931344761547915e-12
0.0,0.26776653748952367,-8.555416422871106,0.04306708962374795,0.02951404363174599,5.5608569240571374e-05,-3.160803764936898e-05,-5.649560840291235e-08,1.3281864566057985e-08,1.535813681352174e-11,-1.931344761547915e-12
0.0,0.24886200891877858,-8.186467622832497,0.039844191128629386,0.02951404363174599,5.55592334904961e-05,-3.160803764936898e-05,-5.364092845163806e-08,1.3281864566057985e-08,1.4119327816532387e-11,-1.931344761547915e-12
0.0,0.24886200891877858,-7.969289505575361,0.039844191128629386,0.02951404363174599,5.55592334904961e-05,-3.160803764936898e-05,-5.4366960269760995e-08,1.3281864566057985e-08,1.4119327816532387e-11,-1.931344761547915e-12
0.0,0.25795947610907477,-8.186467622832497,0.04306708962374795,0.02951404363174599,5.55592334904961e-05,-3.160803764936898e-05,-5.301697603353485e-08,1.3281864566057985e-08,1.3916539826933419e-11,-1.931344761547915e-12
0.0,0.25795947610907477,-7.872601198836081,0.04190881396417635,0.02951404363174599,5.55592334904961e-05,-3.160803764936898e-05,-5.8719251274069853e-08,1.3281864566057985e-08,1.6589896166236545e-11,-1.931344761547915e-12
0.0,0.25795947610907477,-8.12649502495244,0.04190881396417635,0.02951404363174599,5.55592334904961e-05,-3.160803764936898e-05,-5.301697603353485e-08,1.3281864566057985e-08,1.3916539826933419e-11,-1.931344761547915e-12
0.0,0.24840299859517012,-8.383169112728435,0.04190881396417635,0.02951404363174599,5.55592334904961e-05,-3.160803764936898e-05,-5.301697603353485e-08,1.3281864566057985e-08,1.3916539826933419e-11,-1.931344761547915e-12
0.0,0.25795947610907477,-8.186467622832497,0.04190881396417635,0.02951404363174599,6.15007998385442e-05,-3.160803764936898e-05,-5.8719251274069853e-08,1.3281864566057985e-08,1.535813681352174e-11,-1.931344761547915e-12
0.0,0.24840299859517012,-8.186467622832497,0.04306708962374795,0.02951404363174599,5.55592334904961e-05,-3.160803764936898e-05,-5.301697603353485e-08,1.3281864566057985e-08,1.3916539826933419e-11,-1.931344761547915e-12
0.0,0.25795947610907477,-8.186467622832497,0.04306708962374795,0.02951404363174599,5.55592334904961e-05,-3.160803764936898e-05,-5.301697603353485e-08,1.3281864566057985e-08,1.3916539826933419e-11,-1.931344761547915e-12
0.0,0.25795947610907477,-8.12649502495244,0.04190881396417635,0.02951404363174599,5.55592334904961e-05,-3.160803764936898e-05,-5.301697603353485e-08,1.3281864566057985e-08,1.3916539826933419e-11,-1.931344761547915e-12
0.0,0.24840299859517012,-8.383169112728435,0.04190881396417635,0.02951404363174599,5.55592334904961e-05,-3.160803764936898e-05,-5.301697603353485e-08,1.3281864566057985e-08,1.3916539826933419e-11,-1.931344761547915e-12
0.0,0.25795947610907477,-8.186467622832497,0.04306708962374795,0.02951404363174599,5.55592334904961e-05,-3.160803764936898e-05,-5.301697603353485e-08,1.3281864566057985e-08,1.3916539826933419e-11,-1.931344761547915e-12
0.0,0.25795947610907477,-8.186467622832497,0.04190881396417635,0.02951404363174599,6.15007998385442e-05,-3.160803764936898e-05,-5.8719251274069853e-08,1.3281864566057985e-08,1.535813681352174e-11,-1.931344761547915e-12
0.0,0.2477291640309936,-8.186467622832497,0.04306708962374795,0.02951404363174599,6.15007998385442e-05,-3.160803764936898e-05,-5.8719251274069853e-08,1.3281864566057985e-08,1.535813681352174e-11,-1.931344761547915e-12
0.0,0.2477291640309936,-8.186467622832497,0.04306708962374795,0.02951404363174599,6.15007998385442e-05,-3.160803764936898e-05,-5.8719251274069853e-08,1.3281864566057985e-08,1.535813681352174e-11,-1.931344761547915e-12
0.0,0.24840299859517012,-8.383169112728435,0.04190881396417635,0.02951404363174599,5.55592334904961e-05,-3.160803764936898e-05,-5.301697603353485e-08,1.3281864566057985e-08,1.3916539826933419e-11,-1.931344761547915e-12
0.0,0.24840299859517012,-8.383169112728435,0.04190881396417635,0.02951404363174599,5.55592334904961e-05,-3.160803764936898e-05,-5.301697603353485e-08,1.3281864566057985e-08,1.3916539826933419e-11,-1.931344761547915e-12
0.0,0.24840299859517012,-8.383169112728435,0.04190881396417635,0.0291491738526484,5.775875232365966e-05,-3.160803764936898e-05,-5.301697603353485e-08,1.3281864566057985e-08,1.3916539826933419e-11,-1.931344761547915e-12
0.0,0.24840299859517012,-8.383169112728435,0.04190881396417635,0.0291491738526484,5.775875232365966e-05,-3.160803764936898e-05,-5.301697603353485e-08,1.3281864566057985e-08,1.3916539826933419e-11,-1.931344761547915e-12
0.0,0.25795947610907477,-8.186467622832497,0.04190881396417635,0.02951404363174599,6.15007998385442e-05,-3.160803764936898e-05,-5.8719251274069853e-08,1.3281864566057985e-08,1.535813681352174e-11,-1.931344761547915e-12
0.0,0.24840299859517012,-8.383169112728435,0.04190881396417635,0.02951404363174599,5.55592334904961e-05,-3.160803764936898e-05,-5.301697603353485e-08,1.3281864566057985e-08,1.3916539826933419e-11,-1.931344761547915e-12
0.0,0.24840299859517012,-8.186467622832497,0.04190881396417635,0.02908539933553153,5.55592334904961e-05,-3.135471222643147e-05,-5.301697603353485e-08,1.3281864566057985e-08,1.3916539826933419e-11,-1.931344761547915e-12
0.0,0.24840299859517012,-8.186467622832497,0.04190881396417635,0.02908539933553153,5.55592334904961e-05,-3.135471222643147e-05,-5.301697603353485e-08,1.3281864566057985e-08,1.3916539826933419e-11,-1.931344761547915e-12
0.0,0.25795947610907477,-8.186467622832497,0.04190881396417635,0.02951404363174599,6.15007998385442e-05,-3.160803764936898e-05,-5.8719251274069853e-08,1.3281864566057985e-08,1.535813681352174e-11,-1.931344761547915e-12
0.0,0.25795947610907477,-8.186467622832497,0.04306708962374795,0.02951404363174599,5.55592334904961e-05,-3.160803764936898e-05,-5.301697603353485e-08,1.3281864566057985e-08,1.3916539826933419e-11,-1.931344761547915e-12
0.0,0.25795947610907477,-8.486791702026581,0.04190881396417635,0.02951404363174599,6.154853976232655e-05,-3.160803764936898e-05,-5.301697603353485e-08,1.3281864566057985e-08,1.3916539826933419e-11,-1.931344761547915e-12
0.0,0.25795947610907477,-8.486791702026581,0.04190881396417635,0.02951404363174599,6.154853976232655e-05,-3.160803764936898e-05,-5.301697603353485e-08,1.3281864566057985e-08,1.3916539826933419e-11,-1.931344761547915e-12
0.0,0.25795947610907477,-8.186467622832497,0.04190881396417635,0.02951404363174599,6.15007998385442e-05,-3.160803764936898e-05,-5.8719251274069853e-08,1.3281864566057985e-08,1.535813681352174e-11,-1.931344761547915e-12
0.0,0.25795947610907477,-8.186467622832497,0.04306708962374795,0.02951404363174599,5.55592334904961e-05,-3.160803764936898e-05,-5.301697603353485e-08,1.3281864566057985e-08,1.3916539826933419e-11,-1.931344761547915e-12
0.0,0.25795947610907477,-8.186467622832497,0.04306708962374795,0.02951404363174599,6.15007998385442e-05,-3.160803764936898e-05,-5.301697603353485e-08,1.3281864566057985e-08,1.5353333918735676e-11,-1.931344761547915e-12
0.0,0.25795947610907477,-8.186467622832497,0.04306708962374795,0.02951404363174599,6.15007998385442e-05,-3.160803764936898e-05,-5.301697603353485e-08,1.3281864566057985e-08,1.5353333918735676e-11,-1.931344761547915e-12
0.0,0.25795947610907477,-8.186467622832497,0.04306708962374795,0.02951404363174599,5.55592334904961e-05,-3.160803764936898e-05,-5.301697603353485e-08,1.3281864566057985e-08,1.3916539826933419e-11,-1.931344761547915e-12
0.0,0.25795947610907477,-8.186467622832497,0.04190881396417635,0.02951404363174599,6.15007998385442e-05,-3.160803764936898e-05,-5.8719251274069853e-08,1.3281864566057985e-08,1.535813681352174e-11,-1.931344761547915e-12
0.0,0.2451766597718698,-8.186467622832497,0.04444626021683958,0.02951404363174599,6.15007998385442e-05,-3.160803764936898e-05,-5.8719251274069853e-08,1.3281864566057985e-08,1.4964032460794047e-11,-1.931344761547915e-12
0.0,0.2451766597718698,-8.186467622832497,0.04444626021683958,0.02951404363174599,6.15007998385442e-05,-3.160803764936898e-05,-5.8719251274069853e-08,1.3281864566057985e-08,1.4964032460794047e-11,-1.931344761547915e-12
0.0,0.24840299859517012,-8.383169112728435,0.04190881396417635,0.02951404363174599,5.55592334904961e-05,-3.160803764936898e-05,-5.301697603353485e-08,1.3281864566057985e-08,1.3916539826933419e-11,-1.931344761547915e-12
0.0,0.25795947610907477,-8.186467622832497,0.04190881396417635,0.02951404363174599,6.15007998385442e-05,-3.160803764936898e-05,-5.8719251274069853e-08,1.3281864566057985e-08,1.535813681352174e-11,-1.931344761547915e-12
0.0,0.24840299859517012,-8.186467622832497,0.04190881396417635,0.02951404363174599,6.15007998385442e-05,-3.160803764936898e-05,-5.8719251274069853e-08,1.3281864566057985e-08,1.3916539826933419e-11,-1.931344761547915e-12
0.0,0.24840299859517012,-8.186467622832497,0.04190881396417635,0.02951404363174599,6.15007998385442e-05,-3.160803764936898e-05,-5.8719251274069853e-08,1.3281864566057985e-08,1.3916539826933419e-11,-1.931344761547915e-12
0.0,0.25795947610907477,-8.186467622832497,0.04306708962374795,0.02951404363174599,5.55592334904961e-05,-3.160803764936898e-05,-5.301697603353485e-08,1.3281864566057985e-08,1.3916539826933419e-11,-1.931344761547915e-12
0.0,0.25795947610907477,-8.186467622832497,0.04190881396417635,0.02951404363174599,6.15007998385442e-05,-3.160803764936898e-05,-5.8719251274069853e-08,1.3281864566057985e-08,1.535813681352174e-11,-1.931344761547915e-12
0.0,0.2609794353716457,-8.485805530377466,0.04306708962374795,0.02951404363174599,5.55592334904961e-05,-3.160803764936898e-05,-5.301697603353485e-08,1.3281864566057985e-08,1.535813681352174e-11,-1.931344761547915e-12
0.0,0.2609794353716457,-8.485805530377466,0.04306708962374795,0.02951404363174599,5.55592334904961e-05,-3.160803764936898e-05,-5.301697603353485e-08,1.3281864566057985e-08,1.535813681352174e-11,-1.931344761547915e-12
0.0,0.25795947610907477,-8.186467622832497,0.04190881396417635,0.02951404363174599,6.15007998385442e-05,-3.160803764936898e-05,-5.8719251274069853e-08,1.3281864566057985e-08,1.535813681352174e-11,-1.931344761547915e-12
0.0,0.25795947610907477,-8.12649502495244,0.04190881396417635,0.02951404363174599,5.55592334904961e-05,-3.160803764936898e-05,-5.301697603353485e-08,1.3281864566057985e-08,1.3916539826933419e-11,-1.931344761547915e-12
0.0,0.25056613959141344,-8.186467622832497,0.04190881396417635,0.02951404363174599,5.55592334904961e-05,-3.160803764936898e-05,-5.301697603353485e-08,1.3281864566057985e-08,1.3916539826933419e-11,-1.931344761547915e-12
0.0,0.25056613959141344,-8.186467622832497,0.04190881396417635,0.02951404363174599,5.55592334904961e-05,-3.160803764936898e-05,-5.301697603353485e-08,1.3281864566057985e-08,1.3916539826933419e-11,-1.931344761547915e-12
0.0,0.25795947610907477,-8.186467622832497,0.04190881396417635,0.02951404363174599,6.15007998385442e-05,-3.160803764936898e-05,-5.8719251274069853e-08,1.3281864566057985e-08,1.535813681352174e-11,-1.931344761547915e-12
0.0,0.2477291640309936,-8.186467622832497,0.04306708962374795,0.02951404363174599,6.15007998385442e-05,-3.160803764936898e-05,-5.8719251274069853e-08,1.3281864566057985e-08,1.535813681352174e-11,-1.931344761547915e-12
0.0,0.24840299859517012,-8.383169112728435,0.04190881396417635,0.0291491738526484,5.775875232365966e-05,-3.160803764936898e-05,-5.301697603353485e-08,1.3281864566057985e-08,1.3916539826933419e-11,-1.931344761547915e-12
0.0,0.24840299859517012,-8.186467622832497,0.04190881396417635,0.02908539933553153,5.55592334904961e-05,-3.135471222643147e-05,-5.301697603353485e-08,1.3281864566057985e-08,1.3916539826933419e-11,-1.931344761547915e-12
0.0,0.25795947610907477,-8.486791702026581,0.04190881396417635,0.02951404363174599,6.154853976232655e-05,-3.160803764936898e-05,-5.301697603353485e-08,1.3281864566057985e-08,1.3916539826933419e-11,-1.931344761547915e-12
0.0,0.25795947610907477,-8.186467622832497,0.04306708962374795,0.02951404363174599,6.15007998385442e-05,-3.160803764936898e-05,-5.301697603353485e-08,1.3281864566057985e-08,1.5353333918735676e-11,-1.931344761547915e-12
0.0,0.2451766597718698,-8.186467622832497,0.04444626021683958,0.02951404363174599,6.15007998385442e-05,-3.160803764936898e-05,-5.8719251274069853e-08,1.3281864566057985e-08,1.4964032460794047e-11,-1.931344761547915e-12
0.0,0.24840299859517012,-8.186467622832497,0.04190881396417635,0.02951404363174599,6.15007998385442e-05,-3.160803764936898e-05,-5.8719251274069853e-08,1.3281864566057985e-08,1.3916539826933419e-11,-1.931344761547915e-12
0.0,0.2609794353716457,-8.485805530377466,0.04306708962374795,0.02951404363174599,5.55592334904961e-05,-3.160803764936898e-05,-5.301697603353485e-08,1.3281864566057985e-08,1.535813681352174e-11,-1.931344761547915e-12
0.0,0.25056613959141344,-8.186467622832497,0.04190881396417635,0.02951404363174599,5.55592334904961e-05,-3.160803764936898e-05,-5.301697603353485e-08,1.3281864566057985e-08,1.3916539826933419e-11,-1.931344761547915e-12
0.0,0.25795947610907477,-8.186467622832497,0.04190881396417635,0.02951404363174599,6.15007998385442e-05,-3.160803764936898e-05,-5.8719251274069853e-08,1.3281864566057985e-08,1.535813681352174e-11,-1.931344761547915e-12
0.0,0.25056613959141344,-8.186467622832497,0.04190881396417635,0.02951404363174599,5.55592334904961e-05,-3.160803764936898e-05,-5.301697603353485e-08,1.3281864566057985e-08,1.3916539826933419e-11,-1.931344761547915e-12
0.0,0.2477291640309936,-8.186467622832497,0.04306708962374795,0.02951404363174599,6.15007998385442e-05,-3.160803764936898e-05,-5.8719251274069853e-08,1.3281864566057985e-08,1.535813681352174e-11,-1.931344761547915e-12
0.0,0.2451766597718698,-8.186467622832497,0.04444626021683958,0.02951404363174599,6.15007998385442e-05,-3.160803764936898e-05,-5.8719251274069853e-08,1.3281864566057985e-08,1.4964032460794047e-11,-1.931344761547915e-12
0.0,0.24840299859517012,-8.186467622832497,0.04190881396417635,0.02908539933553153,5.55592334904961e-05,-3.135471222643147e-05,-5.301697603353485e-08,1.3281864566057985e-08,1.3916539826933419e-11,-1.931344761547915e-12
0.0,0.24840299859517012,-8.186467622832497,0.04190881396417635,0.02908539933553153,5.55592334904961e-05,-3.135471222643147e-05,-5.301697603353485e-08,1.3281864566057985e-08,1.3916539826933419e-11,-1.931344761547915e-12
0.0,0.25056613959141344,-8.186467622832497,0.04190881396417635,0.02951404363174599,5.55592334904961e-05,-3.160803764936898e-05,-5.301697603353485e-08,1.3281864566057985e-08,1.3916539826933419e-11,-1.931344761547915e-12
0.0,0.25056613959141344,-8.186467622832497,0.04190881396417635,0.02951404363174599,5.8203464684545784e-05,-3.160803764936898e-05,-5.443125848377376e-08,1.3281864566057985e-08,1.3916539826933419e-11,-1.931344761547915e-12
0.0,0.25056613959141344,-8.186467622832497,0.04190881396417635,0.02951404363174599,5.8203464684545784e-05,-3.160803764936898e-05,-5.443125848377376e-08,1.3281864566057985e-08,1.3916539826933419e-11,-1.931344761547915e-12
0.0,0.2477291640309936,-8.186467622832497,0.04306708962374795,0.02951404363174599,6.15007998385442e-05,-3.160803764936898e-05,-5.8719251274069853e-08,1.3281864566057985e-08,1.535813681352174e-11,-1.931344761547915e-12
0.0,0.24840299859517012,-8.186467622832497,0.04190881396417635,0.02908539933553153,5.55592334904961e-05,-3.135471222643147e-05,-5.301697603353485e-08,1.3281864566057985e-08,1.3916539826933419e-11,-1.931344761547915e-12
0.0,0.24840299859517012,-8.186467622832497,0.04135111011668932,0.02951404363174599,6.15007998385442e-05,-3.160803764936898e-05,-5.8719251274069853e-08,1.3281864566057985e-08,1.3916539826933419e-11,-1.948418040574271e-12
0.0,0.24840299859517012,-8.186467622832497,0.04135111011668932,0.02951404363174599,6.15007998385442e-05,-3.160803764936898e-05,-5.8719251274069853e-08,1.3281864566057985e-08,1.3916539826933419e-11,-1.948418040574271e-12
0.0,0.2451766597718698,-8.186467622832497,0.04444626021683958,0.02951404363174599,6.15007998385442e-05,-3.160803764936898e-05,-5.8719251274069853e-08,1.3281864566057985e-08,1.4964032460794047e-11,-1.931344761547915e-12
0.0,0.24840299859517012,-8.186467622832497,0.04190881396417635,0.02908539933553153,5.55592334904961e-05,-3.135471222643147e-05,-5.301697603353485e-08,1.3281864566057985e-08,1.3916539826933419e-11,-1.931344761547915e-12
0.0,0.24840299859517012,-8.186467622832497,0.04190881396417635,0.02908539933553153,6.15007998385442e-05,-3.160803764936898e-05,-5.926643012424129e-08,1.3281864566057985e-08,1.3916539826933419e-11,-1.931344761547915e-12
0.0,0.24840299859517012,-8.186467622832497,0.04190881396417635,0.02908539933553153,6.15007998385442e-05,-3.160803764936898e-05,-5.926643012424129e-08,1.3281864566057985e-08,1.3916539826933419e-11,-1.931344761547915e-12
0.0,0.25795947610907477,-8.186467622832497,0.04190881396417635,0.02951404363174599,6.15007998385442e-05,-3.160803764936898e-05,-5.8719251274069853e-08,1.3281864566057985e-08,1.535813681352174e-11,-1.931344761547915e-12
0.0,0.24840299859517012,-8.186467622832497,0.04190881396417635,0.02908539933553153,5.55592334904961e-05,-3.135471222643147e-05,-5.301697603353485e-08,1.3281864566057985e-08,1.3916539826933419e-11,-1.931344761547915e-12
0.0,0.24840299859517012,-8.305502790417613,0.04190881396417635,0.02908539933553153,6.15007998385442e-05,-3.135471222643147e-05,-5.8719251274069853e-08,1.3281864566057985e-08,1.535813681352174e-11,-1.931344761547915e-12
0.0,0.24840299859517012,-8.305502790417613,0.04190881396417635,0.02908539933553153,6.15007998385442e-05,-3.135471222643147e-05,-5.8719251274069853e-08,1.3281864566057985e-08,1.535813681352174e-11,-1.931344761547915e-12
0.0,0.25056613959141344,-8.186467622832497,0.04190881396417635,0.02951404363174599,5.55592334904961e-05,-3.160803764936898e-05,-5.301697603353485e-08,1.3281864566057985e-08,1.3916539826933419e-11,-1.931344761547915e-12
0.0,0.25795947610907477,-8.186467622832497,0.04190881396417635,0.02951404363174599,6.15007998385442e-05,-3.160803764936898e-05,-5.8719251274069853e-08,1.3281864566057985e-08,1.535813681352174e-11,-1.931344761547915e-12
0.0,0.25795947610907477,-8.186467622832497,0.04190881396417635,0.02951404363174599,5.588551225878568e-05,-3.160803764936898e-05,-5.301697603353485e-08,1.3281864566057985e-08,1.3916539826933419e-11,-1.984265585546806e-12
0.0,0.25795947610907477,-8.186467622832497,0.04190881396417635,0.02951404363174599,5.588551225878568e-05,-3.160803764936898e-05,-5.301697603353485e-08,1.3281864566057985e-08,1.3916539826933419e-11,-1.984265585546806e-12
0.0,0.25056613959141344,-8.186467622832497,0.04190881396417635,0.02951404363174599,5.55592334904961e-05,-3.160803764936898e-05,-5.301697603353485e-08,1.3281864566057985e-08,1.3916539826933419e-11,-1.931344761547915e-12
0.0,0.2451766597718698,-8.186467622832497,0.04444626021683958,0.02951404363174599,6.15007998385442e-05,-3.160803764936898e-05,-5.8719251274069853e-08,1.3281864566057985e-08,1.4964032460794047e-11,-1.931344761547915e-12
0.0,0.25056613959141344,-8.41148503716534,0.04444626021683958,0.02951404363174599,5.55592334904961e-05,-3.160803764936898e-05,-5.8719251274069853e-08,1.3281864566057985e-08,1.3916539826933419e-11,-1.9912672366679927e-12
0.0,0.25056613959141344,-8.41148503716534,0.04444626021683958,0.02951404363174599,5.55592334904961e-05,-3.160803764936898e-05,-5.8719251274069853e-08,1.3281864566057985e-08,1.3916539826933419e-11,-1.9912672366679927e-12
0.0,0.2477291640309936,-8.186467622832497,0.04306708962374795,0.02951404363174599,6.15007998385442e-05,-3.160803764936898e-05,-5.8719251274069853e-08,1.3281864566057985e-08,1.535813681352174e-11,-1.931344761547915e-12
0.0,0.2477291640309936,-8.186467622832497,0.04306708962374795,0.02951404363174599,6.15007998385442e-05,-3.160803764936898e-05,-5.8719251274069853e-08,1.3281864566057985e-08,1.535813681352174e-11,-1.931344761547915e-12
0.0,0.2477291640309936,-8.286438199458294,0.04306708962374795,0.02951404363174599,6.15007998385442e-05,-3.160803764936898e-05,-5.8719251274069853e-08,1.3281864566057985e-08,1.535813681352174e-11,-1.931344761547915e-12
0.0,0.2477291640309936,-8.286438199458294,0.04306708962374795,0.02951404363174599,6.15007998385442e-05,-3.160803764936898e-05,-5.8719251274069853e-08,1.3281864566057985e-08,1.535813681352174e-11,-1.931344761547915e-12
0.0,0.2477291640309936,-8.186467622832497,0.04306708962374795,0.02951404363174599,6.15007998385442e-05,-3.160803764936898e-05,-5.8719251274069853e-08,1.3281864566057985e-08,1.535813681352174e-11,-1.931344761547915e-12
0.0,0.24840299859517012,-8.186467622832497,0.04190881396417635,0.02908539933553153,5.55592334904961e-05,-3.135471222643147e-05,-5.301697603353485e-08,1.3281864566057985e-08,1.3916539826933419e-11,-1.931344761547915e-12
0.0,0.2477291640309936,-8.186467622832497,0.04190881396417635,0.02908539933553153,5.55592334904961e-05,-3.135471222643147e-05,-5.301697603353485e-08,1.3281864566057985e-08,1.3916539826933419e-11,-1.931344761547915e-12
0.0,0.2477291640309936,-8.186467622832497,0.04190881396417635,0.02908539933553153,5.55592334904961e-05,-3.135471222643147e-05,-5.301697603353485e-08,1.3281864566057985e-08,1.3916539826933419e-11,-1.931344761547915e-12
0.0,0.24840299859517012,-8.186467622832497,0.04190881396417635,0.02908539933553153,5.55592334904961e-05,-3.135471222643147e-05,-5.301697603353485e-08,1.3281864566057985e-08,1.3916539826933419e-11,-1.931344761547915e-12
0.0,0.25795947610907477,-8.186467622832497,0.04190881396417635,0.02951404363174599,6.15007998385442e-05,-3.160803764936898e-05,-5.8719251274069853e-08,1.3281864566057985e-08,1.535813681352174e-11,-1.931344761547915e-12
0.0,0.25795947610907477,-8.356093753680286,0.04190881396417635,0.030206821593871013,5.55592334904961e-05,-3.160803764936898e-05,-5.424065605409624e-08,1.3281864566057985e-08,1.535813681352174e-11,-1.9085205709894184e-12
0.0,0.25795947610907477,-8.356093753680286,0.04190881396417635,0.030206821593871013,5.55592334904961e-05,-3.160803764936898e-05,-5.424065605409624e-08,1.3281864566057985e-08,1.535813681352174e-11,-1.9085205709894184e-12
0.0,0.25795947610907477,-8.186467622832497,0.04190881396417635,0.02951404363174599,6.15007998385442e-05,-3.160803764936898e-05,-5.8719251274069853e-08,1.3281864566057985e-08,1.535813681352174e-11,-1.931344761547915e-12
0.0,0.25056613959141344,-8.186467622832497,0.04190881396417635,0.02951404363174599,5.8203464684545784e-05,-3.160803764936898e-05,-5.443125848377376e-08,1.3281864566057985e-08,1.3916539826933419e-11,-1.931344761547915e-12
0.0,0.24840299859517012,-8.186467622832497,0.04135111011668932,0.02951404363174599,6.15007998385442e-05,-3.160803764936898e-05,-5.8719251274069853e-08,1.3281864566057985e-08,1.3916539826933419e-11,-1.948418040574271e-12
0.0,0.24840299859517012,-8.186467622832497,0.04190881396417635,0.02908539933553153,6.15007998385442e-05,-3.160803764936898e-05,-5.926643012424129e-08,1.3281864566057985e-08,1.3916539826933419e-11,-1.931344761547915e-12
0.0,0.24840299859517012,-8.305502790417613,0.04190881396417635,0.02908539933553153,6.15007998385442e-05,-3.135471222643147e-05,-5.8719251274069853e-08,1.3281864566057985e-08,1.535813681352174e-11,-1.931344761547915e-12
0.0,0.25795947610907477,-8.186467622832497,0.04190881396417635,0.02951404363174599,5.588551225878568e-05,-3.160803764936898e-05,-5.301697603353485e-08,1.3281864566057985e-08,1.3916539826933419e-11,-1.984265585546806e-12
0.0,0.25056613959141344,-8.41148503716534,0.04444626021683958,0.02951404363174599,5.55592334904961e-05,-3.160803764936898e-05,-5.8719251274069853e-08,1.3281864566057985e-08,1.3916539826933419e-11,-1.9912672366679927e-12
0.0,0.2477291640309936,-8.286438199458294,0.04306708962374795,0.02951404363174599,6.15007998385442e-05,-3.160803764936898e-05,-5.8719251274069853e-08,1.3281864566057985e-08,1.535813681352174e-11,-1.931344761547915e-12
0.0,0.2477291640309936,-8.186467622832497,0.04190881396417635,0.02908539933553153,5.55592334904961e-05,-3.135471222643147e-05,-5.301697603353485e-08,1.3281864566057985e-08,1.3916539826933419e-11,-1.931344761547915e-12
0.0,0.25795947610907477,-8.356093753680286,0.04190881396417635,0.030206821593871013,5.55592334904961e-05,-3.160803764936898e-05,-5.424065605409624e-08,1.3281864566057985e-08,1.535813681352174e-11,-1.9085205709894184e-12
0.0,0.24840299859517012,-8.305502790417613,0.04190881396417635,0.02908539933553153,6.15007998385442e-05,-3.135471222643147e-05,-5.8719251274069853e-08,1.3281864566057985e-08,1.535813681352174e-11,-1.931344761547915e-12
0.0,0.2477291640309936,-8.286438199458294,0.04306708962374795,0.02951404363174599,6.15007998385442e-05,-3.160803764936898e-05,-5.8719251274069853e-08,1.3281864566057985e-08,1.535813681352174e-11,-1.931344761547915e-12
0.0,0.25795947610907477,-8.186467622832497,0.04190881396417635,0.02951404363174599,6.15007998385442e-05,-3.160803764936898e-05,-5.8719251274069853e-08,1.3281864566057985e-08,1.535813681352174e-11,-1.931344761547915e-12
0.0,0.25056613959141344,-8.186467622832497,0.04190881396417635,0.02951404363174599,5.8203464684545784e-05,-3.160803764936898e-05,-5.443125848377376e-08,1.3281864566057985e-08,1.3916539826933419e-11,-1.931344761547915e-12
0.0,0.2477291640309936,-8.186467622832497,0.04190881396417635,0.02908539933553153,5.55592334904961e-05,-3.135471222643147e-05,-5.301697603353485e-08,1.3281864566057985e-08,1.3916539826933419e-11,-1.931344761547915e-12
0.0,0.2477291640309936,-8.286438199458294,0.04306708962374795,0.02951404363174599,6.15007998385442e-05,-3.160803764936898e-05,-5.8719251274069853e-08,1.3281864566057985e-08,1.535813681352174e-11,-1.931344761547915e-12
0.0,0.2477291640309936,-8.186467622832497,0.04190881396417635,0.02908539933553153,5.55592334904961e-05,-3.135471222643147e-05,-5.301697603353485e-08,1.3281864566057985e-08,1.3916539826933419e-11,-1.931344761547915e-12
0.0,0.2477291640309936,-8.286438199458294,0.04190881396417635,0.028651286223099523,6.098882267118724e-05,-3.160803764936898e-05,-5.8719251274069853e-08,1.3281864566057985e-08,1.3916539826933419e-11,-1.931344761547915e-12
0.0,0.2477291640309936,-8.286438199458294,0.04190881396417635,0.028651286223099523,6.098882267118724e-05,-3.160803764936898e-05,-5.8719251274069853e-08,1.3281864566057985e-08,1.3916539826933419e-11,-1.931344761547915e-12
0.0,0.2477291640309936,-8.186467622832497,0.04190881396417635,0.02908539933553153,5.55592334904961e-05,-3.135471222643147e-05,-5.301697603353485e-08,1.3281864566057985e-08,1.3916539826933419e-11,-1.931344761547915e-12
0.0,0.2477291640309936,-8.186467622832497,0.04190881396417635,0.02908539933553153,5.55592334904961e-05,-3.135471222643147e-05,-5.301697603353485e-08,1.3281864566057985e-08,1.3916539826933419e-11,-1.931344761547915e-12
0.0,0.2477291640309936,-8.186467622832497,0.040077444709894064,0.02908539933553153,5.55592334904961e-05,-3.135471222643147e-05,-5.301697603353485e-08,1.3281864566057985e-08,1.3916539826933419e-11,-1.868114571779994e-12
0.0,0.2477291640309936,-8.186467622832497,0.040077444709894064,0.02908539933553153,5.55592334904961e-05,-3.135471222643147e-05,-5.301697603353485e-08,1.3281864566057985e-08,1.3916539826933419e-11,-1.868114571779994e-12
0.0,0.25795947610907477,-8.186467622832497,0.04190881396417635,0.02951404363174599,6.15007998385442e-05,-3.160803764936898e-05,-5.8719251274069853e-08,1.3281864566057985e-08,1.535813681352174e-11,-1.931344761547915e-12
0.0,0.25795947610907477,-8.186467622832497,0.04190881396417635,0.02951404363174599,6.15007998385442e-05,-3.160803764936898e-05,-5.8719251274069853e-08,1.3281864566057985e-08,1.535813681352174e-11,-1.931344761547915e-12
0.0,0.25795947610907477,-8.186467622832497,0.04190881396417635,0.02951404363174599,5.9914152672710285e-05,-3.0426800721500874e-05,-5.8719251274069853e-08,1.3281864566057985e-08,1.4886021208165443e-11,-1.931344761547915e-12
0.0,0.25795947610907477,-8.186467622832497,0.04190881396417635,0.02951404363174599,5.9914152672710285e-05,-3.0426800721500874e-05,-5.8719251274069853e-08,1.3281864566057985e-08,1.4886021208165443e-11,-1.931344761547915e-12
0.0,0.2477291640309936,-8.286438199458294,0.04306708962374795,0.02951404363174599,6.15007998385442e-05,-3.160803764936898e-05,-5.8719251274069853e-08,1.3281864566057985e-08,1.535813681352174e-11,-1.931344761547915e-12
0.0,0.2477291640309936,-8.286438199458294,0.04306708962374795,0.02951404363174599,6.15007998385442e-05,-3.160803764936898e-05,-5.8719251274069853e-08,1.3281864566057985e-08,1.535813681352174e-11,-1.931344761547915e-12
0.0,0.25156841218349485,-8.286438199458294,0.04306708962374795,0.02951404363174599,6.15007998385442e-05,-3.152075707891731e-05,-5.8719251274069853e-08,1.3207688597238328e-08,1.535813681352174e-11,-1.860947348969415e-12
0.0,0.25156841218349485,-8.286438199458294,0.04306708962374795,0.02951404363174599,6.15007998385442e-05,-3.152075707891731e-05,-5.8719251274069853e-08,1.3207688597238328e-08,1.535813681352174e-11,-1.860947348969415e-12
0.0,0.25056613959141344,-8.186467622832497,0.04190881396417635,0.02951404363174599,5.8203464684545784e-05,-3.160803764936898e-05,-5.443125848377376e-08,1.3281864566057985e-08,1.3916539826933419e-11,-1.931344761547915e-12
0.0,0.24840299859517012,-8.305502790417613,0.04190881396417635,0.02908539933553153,6.15007998385442e-05,-3.135471222643147e-05,-5.8719251274069853e-08,1.3281864566057985e-08,1.535813681352174e-11,-1.931344761547915e-12
0.0,0.25056613959141344,-8.186467622832497,0.04111954171245132,0.02951404363174599,6.0994555934674224e-05,-3.160803764936898e-05,-5.443125848377376e-08,1.3281864566057985e-08,1.3916539826933419e-11,-1.931344761547915e-12
0.0,0.25056613959141344,-8.186467622832497,0.04111954171245132,0.02951404363174599,6.0994555934674224e-05,-3.160803764936898e-05,-5.443125848377376e-08,1.3281864566057985e-08,1.3916539826933419e-11,-1.931344761547915e-12
0.0,0.2477291640309936,-8.286438199458294,0.04306708962374795,0.02951404363174599,6.15007998385442e-05,-3.160803764936898e-05,-5.8719251274069853e-08,1.3281864566057985e-08,1.535813681352174e-11,-1.931344761547915e-12
0.0,0.25795947610907477,-8.186467622832497,0.04190881396417635,0.02951404363174599,6.15007998385442e-05,-3.160803764936898e-05,-5.8719251274069853e-08,1.3281864566057985e-08,1.535813681352174e-11,-1.931344761547915e-12
0.0,0.2493798114252088,-8.286438199458294,0.04306708962374795,0.02951404363174599,6.15007998385442e-05,-3.160803764936898e-05,-6.115082389627792e-08,1.3281864566057985e-08,1.535813681352174e-11,-1.931344761547915e-12
0.0,0.2493798114252088,-8.286438199458294,0.04306708962374795,0.02951404363174599,6.15007998385442e-05,-3.160803764936898e-05,-6.115082389627792e-08,1.3281864566057985e-08,1.535813681352174e-11,-1.931344761547915e-12
0.0,0.24840299859517012,-8.305502790417613,0.04190881396417635,0.02908539933553153,6.15007998385442e-05,-3.135471222643147e-05,-5.8719251274069853e-08,1.3281864566057985e-08,1.535813681352174e-11,-1.931344761547915e-12
0.0,0.25795947610907477,-8.186467622832497,0.04190881396417635,0.02951404363174599,6.15007998385442e-05,-3.160803764936898e-05,-5.8719251274069853e-08,1.3281864566057985e-08,1.535813681352174e-11,-1.931344761547915e-12
0.0,0.25795947610907477,-8.186467622832497,0.04190881396417635,0.02908539933553153,6.15007998385442e-05,-3.160803764936898e-05,-5.8719251274069853e-08,1.3119988612319241e-08,1.535813681352174e-11,-1.931344761547915e-12
0.0,0.25795947610907477,-8.186467622832497,0.04190881396417635,0.02908539933553153,6.15007998385442e-05,-3.160803764936898e-05,-5.8719251274069853e-08,1.3119988612319241e-08,1.535813681352174e-11,-1.931344761547915e-12
0.0,0.25795947610907477,-8.186467622832497,0.04190881396417635,0.02951404363174599,6.15007998385442e-05,-3.160803764936898e-05,-5.8719251274069853e-08,1.3281864566057985e-08,1.535813681352174e-11,-1.931344761547915e-12
0.0,0.25795947610907477,-8.186467622832497,0.04190881396417635,0.02951404363174599,6.15007998385442e-05,-3.160803764936898e-05,-5.8719251274069853e-08,1.3281864566057985e-08,1.535813681352174e-11,-1.931344761547915e-12
0.0,0.25795947610907477,-8.186467622832497,0.04190881396417635,0.02951404363174599,6.15007998385442e-05,-3.160803764936898e-05,-5.8719251274069853e-08,1.3281864566057985e-08,1.5342221433704296e-11,-1.931344761547915e-12
0.0,0.25795947610907477,-8.186467622832497,0.04190881396417635,0.02951404363174599,6.15007998385442e-05,-3.160803764936898e-05,-5.8719251274069853e-08,1.3281864566057985e-08,1.5342221433704296e-11,-1.931344761547915e-12
0.0,0.25056613959141344,-8.186467622832497,0.04190881396417635,0.02951404363174599,5.8203464684545784e-05,-3.160803764936898e-05,-5.443125848377376e-08,1.3281864566057985e-08,1.3916539826933419e-11,-1.931344761547915e-12
0.0,0.25795947610907477,-8.186467622832497,0.04190881396417635,0.02951404363174599,6.15007998385442e-05,-3.160803764936898e-05,-5.8719251274069853e-08,1.3281864566057985e-08,1.535813681352174e-11,-1.931344761547915e-12
0.0,0.2406300840927199,-8.186467622832497,0.0413550619001491,0.02951404363174599,6.15007998385442e-05,-3.160803764936898e-05,-5.8719251274069853e-08,1.3281864566057985e-08,1.535813681352174e-11,-1.9039623961399634e-12
0.0,0.2406300840927199,-8.186467622832497,0.0413550619001491,0.02951404363174599,6.15007998385442e-05,-3.160803764936898e-05,-5.8719251274069853e-08,1.3281864566057985e-08,1.535813681352174e-11,-1.9039623961399634e-12
